nama,harga,penjual,kota,unit_terjual,rating
Gelifood Seblak Instan Kerupuk Mawar Bumbu Kencur Rafael Pedas Gurih,13000,Lidigeli,Kab. Garut,250.0,4.8
Kylafood Seblak Original Play,15050,kylafood,Bandung,1000.0,4.9
Seblak Instan Ceu Nthien Khas Bandung Rasana Ngeunah Pisan,17000,Central Seblak Nusantara,Tangerang Selatan,2000.0,4.9
Kylafood Seblak Rempah Autentik,10000,Kylafood Jakarta,Jakarta Selatan,100.0,5.0
KERUPUK KRUPUK SEBLAK PEDAS 250 GR,10000,TOKO KUE MEISYA,Jakarta Pusat,100.0,4.9
SEBLAK INSTANT TERMURAH,3999,Pusat Cuankie & Cemilan Frozen,Jakarta Timur,10000.0,4.8
Seblak Instan Pedas Home Made,3500,the Dhecip,Tangerang Selatan,2000.0,4.8
"Seblak Rafael, Seblak Coet Instan Halal",25000,Brother Meat Shop,Depok,250.0,4.9
Seblak pedas kerupuk pedas kiloan 1 kg,35000,RIKI STORE 97,Kab. Bogor,100.0,4.8
"seblak ceker 500 gr pedas daun jeruk, gurih,cemilan bikin nagih",17499,aghniya,Tangerang Selatan,50.0,4.9
SEBLAK INSTANT TERMURAH,3999,Pusat Cuankie & Cemilan Frozen,Jakarta Timur,10000.0,4.8
Seblak Instan Pedas Home Made,3500,the Dhecip,Tangerang Selatan,2000.0,4.8
"Seblak Rafael, Seblak Coet Instan Halal",25000,Brother Meat Shop,Depok,250.0,4.9
Seblak instan yoi enak dan kenyang,7500,SeblakYoi,Bekasi,250.0,5.0
SEBLAK INSTAN MAMANG TERMURAH,4000,global cookware1,Jakarta Barat,100.0,4.9
"seblak kering pedas 250 gr/seblak kencur/kerupuk seblak,enak dan gurih",9999,aghniya,Tangerang Selatan,500.0,4.8
KERUPUK SEBLAK PEDAS / KRUPUK SEBLAK KERING DAUN JERUK PEDES,25000,LEGIT SNACK,Jakarta Barat,40.0,5.0
"siomay kering bandung 500 gr. untuk baso aci, seblak ,mie ayam dll",14999,aghniya,Tangerang Selatan,750.0,4.9
Kerupuk Seblak / Seblak / Kering Pedas /,10000,Anggris store,Kab. Bogor,50.0,4.8
SEBRING KRUPUK KERUPUK SEBLAK KERING PEDAS DAUN JERUK 1KG CABE ASLI,16000,Aydaa Snack,Surakarta,70.0,4.9
"Seblak Rafael, Seblak Coet Instan Halal",25000,Brother Meat Shop,Depok,250.0,4.9
Gelifood Seblak Instan Kerupuk Mawar Bumbu Kencur Rafael Pedas Gurih,13000,Lidigeli,Kab. Garut,250.0,4.8
SAMBAL SEBLAK BY MAMANG RAFAEL ORIGINAL HALAL VIRAALLL,38000,Beauty DELUXE,Jakarta Barat,9.0,5.0
Kerupuk Seblak Rafael Mawar Kecil Mentah 500 Gr / Seblak Viral YONGKI,12000,insanprimastore,Tangerang Selatan,21.0,5.0
Seblak RAFAEL | Seblak MAMANG RAFAEL | Seblak Viral ORIGINAL TATANGGA,38500,Beauty DELUXE,Jakarta Barat,16.0,5.0
SEBLAK INSTANT TERMURAH,3999,Pusat Cuankie & Cemilan Frozen,Jakarta Timur,10000.0,4.8
Seblak Instan Pedas Home Made,3500,the Dhecip,Tangerang Selatan,2000.0,4.8
"Seblak Rafael, Seblak Coet Instan Halal",25000,Brother Meat Shop,Depok,250.0,4.9
Seblak instan yoi enak dan kenyang,7500,SeblakYoi,Bekasi,250.0,5.0
SEBLAK INSTAN MAMANG TERMURAH,4000,global cookware1,Jakarta Barat,100.0,4.9
Seblak Instan Pedas Home Made,3500,the Dhecip,Tangerang Selatan,2000.0,4.8
Gelifood Seblak Instan Kerupuk Mawar Bumbu Kencur Rafael Pedas Gurih,13000,Lidigeli,Kab. Garut,250.0,4.8
"seblak kering pedas 250 gr/seblak kencur/kerupuk seblak,enak dan gurih",9999,aghniya,Tangerang Selatan,500.0,4.8
"keripik beling/kaca 1/2 kg. bumbu seblak daun jeruk enak, gurih, pedas",25999,aghniya,Tangerang Selatan,250.0,4.9
Gelifood Combo 3pcs Seblak Instan Kerupuk Mawar Kencur Pedas Rafael,35000,Lidigeli,Kab. Garut,100.0,4.9
MASJAY Seblak Bumbu Membara Instant - No.1 Street Food Bandung,15000,Lidigeli,Kab. Garut,100.0,4.9
Seblak Instan Kenyang Murah Asli Bandung Reseller Tanpa Pengawet - Original,6173,Berkah Food Bandung,Cimahi,6000.0,4.9
Kerupuk Oren | Kerupuk Oranye |Kerupuk Seblak Mentah | 250 gr |,12000,SuryaJaya58,Jakarta Selatan,2.0,
kerupuk seblak pedas 1/2 kg / kerupuk seblak ½ - Pedas,20482,Adila_Putri_Snack,Kab.Ciamis,100.0,4.8
kerupuk ikan mentah putih seblak gurih renyah garing 1000gr - M,26500,Radja Herbal Indonesia,Kab. Bekasi,17.0,5.0
KERUPUK/KRUPUK SEBLAK RASA PEDAS TERLARIS ISI 250 GRAM NETT,16695,Toko kue Sumber Mas,Jakarta Timur,250.0,4.9
"seblak ceker 1 kg pedas daun jeruk, gurih,cemilan bikin nagih",35999,aghniya,Tangerang Selatan,40.0,5.0
Kylafood Seblak Original Play,15050,kylafood,Bandung,1000.0,4.9
Kerupuk Seblak / Seblak / Kering Pedas /,10000,Anggris store,Kab. Bogor,50.0,4.8
Seblak Instant Homemade Lengkap Bumbu,5000,Pedas Gilaa,Surabaya,3000.0,4.8
SEBLAK INSTANT TERMURAH,3999,Pusat Cuankie & Cemilan Frozen,Jakarta Timur,10000.0,4.8
Seblak Instan Pedas Home Made,3500,the Dhecip,Tangerang Selatan,2000.0,4.8
"Seblak Rafael, Seblak Coet Instan Halal",25000,Brother Meat Shop,Depok,250.0,4.9
Seblak instan yoi enak dan kenyang,7500,SeblakYoi,Bekasi,250.0,5.0
SEBLAK INSTAN MAMANG TERMURAH,4000,global cookware1,Jakarta Barat,100.0,4.9
"seblak kering pedas 250 gr/seblak kencur/kerupuk seblak,enak dan gurih",9999,aghniya,Tangerang Selatan,500.0,4.8
KERUPUK SEBLAK PEDAS / KRUPUK SEBLAK KERING DAUN JERUK PEDES,25000,LEGIT SNACK,Jakarta Barat,40.0,5.0
"siomay kering bandung 500 gr. untuk baso aci, seblak ,mie ayam dll",14999,aghniya,Tangerang Selatan,750.0,4.9
Kerupuk Seblak / Seblak / Kering Pedas /,10000,Anggris store,Kab. Bogor,50.0,4.8
SEBRING KRUPUK KERUPUK SEBLAK KERING PEDAS DAUN JERUK 1KG CABE ASLI,16000,Aydaa Snack,Surakarta,70.0,4.9
"Seblak Rafael, Seblak Coet Instan Halal",25000,Brother Meat Shop,Depok,250.0,4.9
Gelifood Seblak Instan Kerupuk Mawar Bumbu Kencur Rafael Pedas Gurih,13000,Lidigeli,Kab. Garut,250.0,4.8
SAMBAL SEBLAK BY MAMANG RAFAEL ORIGINAL HALAL VIRAALLL,38000,Beauty DELUXE,Jakarta Barat,9.0,5.0
Kerupuk Seblak Rafael Mawar Kecil Mentah 500 Gr / Seblak Viral YONGKI,12000,insanprimastore,Tangerang Selatan,21.0,5.0
Seblak RAFAEL | Seblak MAMANG RAFAEL | Seblak Viral ORIGINAL TATANGGA,38500,Beauty DELUXE,Jakarta Barat,16.0,5.0
SEBLAK INSTANT TERMURAH,3999,Pusat Cuankie & Cemilan Frozen,Jakarta Timur,10000.0,4.8
Seblak Instan Pedas Home Made,3500,the Dhecip,Tangerang Selatan,2000.0,4.8
"Seblak Rafael, Seblak Coet Instan Halal",25000,Brother Meat Shop,Depok,250.0,4.9
Seblak instan yoi enak dan kenyang,7500,SeblakYoi,Bekasi,250.0,5.0
SEBLAK INSTAN MAMANG TERMURAH,4000,global cookware1,Jakarta Barat,100.0,4.9
Seblak Instan Pedas Home Made,3500,the Dhecip,Tangerang Selatan,2000.0,4.8
Gelifood Seblak Instan Kerupuk Mawar Bumbu Kencur Rafael Pedas Gurih,13000,Lidigeli,Kab. Garut,250.0,4.8
"seblak kering pedas 250 gr/seblak kencur/kerupuk seblak,enak dan gurih",9999,aghniya,Tangerang Selatan,500.0,4.8
"keripik beling/kaca 1/2 kg. bumbu seblak daun jeruk enak, gurih, pedas",25999,aghniya,Tangerang Selatan,250.0,4.9
Gelifood Combo 3pcs Seblak Instan Kerupuk Mawar Kencur Pedas Rafael,35000,Lidigeli,Kab. Garut,100.0,4.9
siomay mini kering 1kg toping seblak baso aci,25000,CUANKI CULAMETAN,Kab. Garut,100.0,4.9
SEBLAK ACI JAGUAR TERLEZAT BASO ACI BAKSO ACI NIKMAT BELI 5 GRATIS 1 - Seblak Aci Keju,10000,Uai Food,Surabaya,750.0,4.8
cuanki pangsit segitiga atau cipet isi 40 pcs toping seblak baso aci,13999,CUANKI CULAMETAN,Kab. Garut,90.0,4.7
Seblak Kerupuk,12000,agen produk organik jkt,Jakarta Timur,,
Gelifood Combo 3pcs Seblak Ceker Tanpa Tulang Super Pedas,60000,Lidigeli,Kab. Garut,24.0,4.2
Kerupuk SEBLAK KERITING PEDAS,20000,KRIUK JAYA,Jakarta Barat,100.0,4.9
Mamafuji - PROMO BUNDLING !!! SEBLAK & BAKSO ACI,41999,Mama Fuji Official,Tangerang,50.0,4.6
BASO ACI INSTANT x SEBLAK INSTANT - HALU! EMAK INDAH FOOD,44600,Pempek Emak Indah,Jakarta Barat,50.0,4.9
seblak kencur / okesnack,10000,oke snack,Jakarta Selatan,750.0,4.9
krupuk stik seblak pedas-200gram,13500,yumnaa snack,Kab. Bekasi,30.0,5.0
SEBLAK INSTANT TERMURAH,3999,Pusat Cuankie & Cemilan Frozen,Jakarta Timur,10000.0,4.8
Seblak Instan Pedas Home Made,3500,the Dhecip,Tangerang Selatan,2000.0,4.8
"Seblak Rafael, Seblak Coet Instan Halal",25000,Brother Meat Shop,Depok,250.0,4.9
Seblak instan yoi enak dan kenyang,7500,SeblakYoi,Bekasi,250.0,5.0
SEBLAK INSTAN MAMANG TERMURAH,4000,global cookware1,Jakarta Barat,100.0,4.9
"seblak kering pedas 250 gr/seblak kencur/kerupuk seblak,enak dan gurih",9999,aghniya,Tangerang Selatan,500.0,4.8
KERUPUK SEBLAK PEDAS / KRUPUK SEBLAK KERING DAUN JERUK PEDES,25000,LEGIT SNACK,Jakarta Barat,40.0,5.0
"siomay kering bandung 500 gr. untuk baso aci, seblak ,mie ayam dll",14999,aghniya,Tangerang Selatan,750.0,4.9
Kerupuk Seblak / Seblak / Kering Pedas /,10000,Anggris store,Kab. Bogor,50.0,4.8
SEBRING KRUPUK KERUPUK SEBLAK KERING PEDAS DAUN JERUK 1KG CABE ASLI,16000,Aydaa Snack,Surakarta,70.0,4.9
"Seblak Rafael, Seblak Coet Instan Halal",25000,Brother Meat Shop,Depok,250.0,4.9
Gelifood Seblak Instan Kerupuk Mawar Bumbu Kencur Rafael Pedas Gurih,13000,Lidigeli,Kab. Garut,250.0,4.8
SAMBAL SEBLAK BY MAMANG RAFAEL ORIGINAL HALAL VIRAALLL,38000,Beauty DELUXE,Jakarta Barat,9.0,5.0
Kerupuk Seblak Rafael Mawar Kecil Mentah 500 Gr / Seblak Viral YONGKI,12000,insanprimastore,Tangerang Selatan,21.0,5.0
Seblak RAFAEL | Seblak MAMANG RAFAEL | Seblak Viral ORIGINAL TATANGGA,38500,Beauty DELUXE,Jakarta Barat,16.0,5.0
SEBLAK INSTANT TERMURAH,3999,Pusat Cuankie & Cemilan Frozen,Jakarta Timur,10000.0,4.8
Seblak Instan Pedas Home Made,3500,the Dhecip,Tangerang Selatan,2000.0,4.8
"Seblak Rafael, Seblak Coet Instan Halal",25000,Brother Meat Shop,Depok,250.0,4.9
Seblak instan yoi enak dan kenyang,7500,SeblakYoi,Bekasi,250.0,5.0
SEBLAK INSTAN MAMANG TERMURAH,4000,global cookware1,Jakarta Barat,100.0,4.9
Seblak Instan Pedas Home Made,3500,the Dhecip,Tangerang Selatan,2000.0,4.8
Gelifood Seblak Instan Kerupuk Mawar Bumbu Kencur Rafael Pedas Gurih,13000,Lidigeli,Kab. Garut,250.0,4.8
"seblak kering pedas 250 gr/seblak kencur/kerupuk seblak,enak dan gurih",9999,aghniya,Tangerang Selatan,500.0,4.8
"keripik beling/kaca 1/2 kg. bumbu seblak daun jeruk enak, gurih, pedas",25999,aghniya,Tangerang Selatan,250.0,4.9
Gelifood Combo 3pcs Seblak Instan Kerupuk Mawar Kencur Pedas Rafael,35000,Lidigeli,Kab. Garut,100.0,4.9
SEBLAK ACI JAGUAR BASO ACI BAKSO ACI NIKMAT BELI 5 GRATIS 1 - SeblakAci Sosis,10000,Uai Food,Surabaya,30.0,4.4
Kylafood Mix Fav Selebgram Seblak Original & Batagor kuah,37920,kylafood,Bandung,50.0,4.4
seblak keong pedas maknyus,10000,jajansnacks jkt,Jakarta Barat,100.0,4.9
Bundle 3pcs - Seblak Basranger Extra Pedas 200gr Makanan Instan,51900,Rak Sebelah,Jakarta Pusat,50.0,4.8
Kylafood Seblak Mie Baso Sapi Play,21450,kylafood,Bandung,250.0,4.9
Somay mini Gurilem batagor mini toping seblak baso Aci cuanki 500 gr,13999,Distributor Cuanki dan Seblak,Kab. Bekasi,100.0,4.9
KERUPUK JABLAY SEBLAK PELANGI 500 GRAM,23275,G Cakery,Jakarta Pusat,30.0,5.0
Kerupuk Seblak Kencur Pedas Gurih - Anum Sari,14000,ANUM SARI,Tangerang Selatan,70.0,4.9
Cireng Seblak Instan,18500,JajananArkanAnin,Kab. Bogor,6.0,5.0
KERUPUK KRUPUK SEBLAK JABLAY PELANGI PEDAS TERLARIS PER 500 GRAM,24700,Golden Cakery,Jakarta Pusat,100.0,4.8
SEBLAK INSTANT TERMURAH,3999,Pusat Cuankie & Cemilan Frozen,Jakarta Timur,10000.0,4.8
Seblak Instan Pedas Home Made,3500,the Dhecip,Tangerang Selatan,2000.0,4.8
"Seblak Rafael, Seblak Coet Instan Halal",25000,Brother Meat Shop,Depok,250.0,4.9
Seblak instan yoi enak dan kenyang,7500,SeblakYoi,Bekasi,250.0,5.0
SEBLAK INSTAN MAMANG TERMURAH,4000,global cookware1,Jakarta Barat,100.0,4.9
"seblak kering pedas 250 gr/seblak kencur/kerupuk seblak,enak dan gurih",9999,aghniya,Tangerang Selatan,500.0,4.8
KERUPUK SEBLAK PEDAS / KRUPUK SEBLAK KERING DAUN JERUK PEDES,25000,LEGIT SNACK,Jakarta Barat,40.0,5.0
"siomay kering bandung 500 gr. untuk baso aci, seblak ,mie ayam dll",14999,aghniya,Tangerang Selatan,750.0,4.9
Kerupuk Seblak / Seblak / Kering Pedas /,10000,Anggris store,Kab. Bogor,50.0,4.8
SEBRING KRUPUK KERUPUK SEBLAK KERING PEDAS DAUN JERUK 1KG CABE ASLI,16000,Aydaa Snack,Surakarta,70.0,4.9
"Seblak Rafael, Seblak Coet Instan Halal",25000,Brother Meat Shop,Depok,250.0,4.9
Gelifood Seblak Instan Kerupuk Mawar Bumbu Kencur Rafael Pedas Gurih,13000,Lidigeli,Kab. Garut,250.0,4.8
SAMBAL SEBLAK BY MAMANG RAFAEL ORIGINAL HALAL VIRAALLL,38000,Beauty DELUXE,Jakarta Barat,9.0,5.0
Kerupuk Seblak Rafael Mawar Kecil Mentah 500 Gr / Seblak Viral YONGKI,12000,insanprimastore,Tangerang Selatan,21.0,5.0
Seblak RAFAEL | Seblak MAMANG RAFAEL | Seblak Viral ORIGINAL TATANGGA,38500,Beauty DELUXE,Jakarta Barat,16.0,5.0
SEBLAK INSTANT TERMURAH,3999,Pusat Cuankie & Cemilan Frozen,Jakarta Timur,10000.0,4.8
Seblak Instan Pedas Home Made,3500,the Dhecip,Tangerang Selatan,2000.0,4.8
"Seblak Rafael, Seblak Coet Instan Halal",25000,Brother Meat Shop,Depok,250.0,4.9
Seblak instan yoi enak dan kenyang,7500,SeblakYoi,Bekasi,250.0,5.0
SEBLAK INSTAN MAMANG TERMURAH,4000,global cookware1,Jakarta Barat,100.0,4.9
Seblak Instan Pedas Home Made,3500,the Dhecip,Tangerang Selatan,2000.0,4.8
Gelifood Seblak Instan Kerupuk Mawar Bumbu Kencur Rafael Pedas Gurih,13000,Lidigeli,Kab. Garut,250.0,4.8
"seblak kering pedas 250 gr/seblak kencur/kerupuk seblak,enak dan gurih",9999,aghniya,Tangerang Selatan,500.0,4.8
"keripik beling/kaca 1/2 kg. bumbu seblak daun jeruk enak, gurih, pedas",25999,aghniya,Tangerang Selatan,250.0,4.9
Gelifood Combo 3pcs Seblak Instan Kerupuk Mawar Kencur Pedas Rafael,35000,Lidigeli,Kab. Garut,100.0,4.9
Omiyago Snack Stick Basreng Pedas,7000,omiyago,Jakarta Barat,40.0,5.0
 Kylafood Paket 4 Seblak Original 1 Batagor,85875,kylafood,Bandung,1000.0,4.9
BASO ACI TULANG RANGU 100 GR,21700,Rak Sebelah,Jakarta Pusat,3000.0,4.9
Kylafood Seblak Mie Tulang Rawan,25500,kylafood,Bandung,3000.0,4.9
seblak instan mie bakso om brewok,16000,Muysproduct,Kab. Bogor,5.0,5.0
"cuanki sohu khas garut -+100 btr enak,renyah cocok baso aci,seblak dll",14999,aghniya,Tangerang Selatan,250.0,5.0
COMBO HALU! 2PC SEBLAK MIE HALU - EMAK INDAH FOOD,39600,Pempek Emak Indah,Jakarta Barat,50.0,5.0
TOPPING SEBLAK/baso Aci paket mix super murah khas Garut/cuanki/siomay,69999,ArfaOnlineShop,Tangerang,90.0,4.9
kerupuk seblak bantet kemasan,5000,arsensnack,Kab. Bekasi,22.0,4.9
kerupuk seblak extra pedas murah meriah,5000,RIKI STORE 97,Kab. Bogor,12.0,4.7
SEBLAK INSTANT TERMURAH,3999,Pusat Cuankie & Cemilan Frozen,Jakarta Timur,10000.0,4.8
Seblak Instan Pedas Home Made,3500,the Dhecip,Tangerang Selatan,2000.0,4.8
"Seblak Rafael, Seblak Coet Instan Halal",25000,Brother Meat Shop,Depok,250.0,4.9
Seblak instan yoi enak dan kenyang,7500,SeblakYoi,Bekasi,250.0,5.0
SEBLAK INSTAN MAMANG TERMURAH,4000,global cookware1,Jakarta Barat,100.0,4.9
"seblak kering pedas 250 gr/seblak kencur/kerupuk seblak,enak dan gurih",9999,aghniya,Tangerang Selatan,500.0,4.8
KERUPUK SEBLAK PEDAS / KRUPUK SEBLAK KERING DAUN JERUK PEDES,25000,LEGIT SNACK,Jakarta Barat,40.0,5.0
"siomay kering bandung 500 gr. untuk baso aci, seblak ,mie ayam dll",14999,aghniya,Tangerang Selatan,750.0,4.9
Kerupuk Seblak / Seblak / Kering Pedas /,10000,Anggris store,Kab. Bogor,50.0,4.8
SEBRING KRUPUK KERUPUK SEBLAK KERING PEDAS DAUN JERUK 1KG CABE ASLI,16000,Aydaa Snack,Surakarta,70.0,4.9
"Seblak Rafael, Seblak Coet Instan Halal",25000,Brother Meat Shop,Depok,250.0,4.9
Gelifood Seblak Instan Kerupuk Mawar Bumbu Kencur Rafael Pedas Gurih,13000,Lidigeli,Kab. Garut,250.0,4.8
SAMBAL SEBLAK BY MAMANG RAFAEL ORIGINAL HALAL VIRAALLL,38000,Beauty DELUXE,Jakarta Barat,9.0,5.0
Kerupuk Seblak Rafael Mawar Kecil Mentah 500 Gr / Seblak Viral YONGKI,12000,insanprimastore,Tangerang Selatan,21.0,5.0
Seblak RAFAEL | Seblak MAMANG RAFAEL | Seblak Viral ORIGINAL TATANGGA,38500,Beauty DELUXE,Jakarta Barat,16.0,5.0
SEBLAK INSTANT TERMURAH,3999,Pusat Cuankie & Cemilan Frozen,Jakarta Timur,10000.0,4.8
Seblak Instan Pedas Home Made,3500,the Dhecip,Tangerang Selatan,2000.0,4.8
"Seblak Rafael, Seblak Coet Instan Halal",25000,Brother Meat Shop,Depok,250.0,4.9
Seblak instan yoi enak dan kenyang,7500,SeblakYoi,Bekasi,250.0,5.0
SEBLAK INSTAN MAMANG TERMURAH,4000,global cookware1,Jakarta Barat,100.0,4.9
Seblak Instan Pedas Home Made,3500,the Dhecip,Tangerang Selatan,2000.0,4.8
Gelifood Seblak Instan Kerupuk Mawar Bumbu Kencur Rafael Pedas Gurih,13000,Lidigeli,Kab. Garut,250.0,4.8
"seblak kering pedas 250 gr/seblak kencur/kerupuk seblak,enak dan gurih",9999,aghniya,Tangerang Selatan,500.0,4.8
"keripik beling/kaca 1/2 kg. bumbu seblak daun jeruk enak, gurih, pedas",25999,aghniya,Tangerang Selatan,250.0,4.9
Gelifood Combo 3pcs Seblak Instan Kerupuk Mawar Kencur Pedas Rafael,35000,Lidigeli,Kab. Garut,100.0,4.9
Paket Isi 4 Batagor Instan | Makaroni Basah | Seblak Basah,64906,Lakoca Official Shop,Cimahi,30.0,4.9
Paket 7 Pcs Seblak Instan Ceu Nthien Khas Bandung Rasana Ngeunah Pisan,120000,Central Seblak Nusantara,Tangerang Selatan,16.0,4.9
SEBLAK KICIMPRING MANG MUSS - LEVEL 3,9999,Seblak Mang Muss,Tasikmalaya,750.0,4.8
MIX Seblak + Batagor Kuah,170000,Central Seblak Nusantara,Tangerang Selatan,11.0,5.0
seblak rafael,17000,Bung Boe Snack,Kab. Sumedang,1.0,
Pasar Keripik Cimol Seblak Pedas size Kecil 130g,12500,Pasar Keripik Bandung,Bandung,500.0,4.9
TERMURAH Kerupuk Bawang Buat Seblak Size Mini (Mentah),8500,Aneka Sayuran Segar,Jakarta Utara,40.0,5.0
seblak instan KSN frozen,10400,Pelangi Girls Naget 2,Depok,100.0,5.0
SEBLAK INSTAN KARASA,5999,aghniya,Tangerang Selatan,500.0,4.9
cuanki lidah untuk baso aci dan seblak,15999,aghniya,Tangerang Selatan,1000.0,4.8
SEBLAK INSTANT TERMURAH,3999,Pusat Cuankie & Cemilan Frozen,Jakarta Timur,10000.0,4.8
Seblak Instan Pedas Home Made,3500,the Dhecip,Tangerang Selatan,2000.0,4.8
"Seblak Rafael, Seblak Coet Instan Halal",25000,Brother Meat Shop,Depok,250.0,4.9
Seblak instan yoi enak dan kenyang,7500,SeblakYoi,Bekasi,250.0,5.0
SEBLAK INSTAN MAMANG TERMURAH,4000,global cookware1,Jakarta Barat,100.0,4.9
"seblak kering pedas 250 gr/seblak kencur/kerupuk seblak,enak dan gurih",9999,aghniya,Tangerang Selatan,500.0,4.8
KERUPUK SEBLAK PEDAS / KRUPUK SEBLAK KERING DAUN JERUK PEDES,25000,LEGIT SNACK,Jakarta Barat,40.0,5.0
"siomay kering bandung 500 gr. untuk baso aci, seblak ,mie ayam dll",14999,aghniya,Tangerang Selatan,750.0,4.9
Kerupuk Seblak / Seblak / Kering Pedas /,10000,Anggris store,Kab. Bogor,50.0,4.8
SEBRING KRUPUK KERUPUK SEBLAK KERING PEDAS DAUN JERUK 1KG CABE ASLI,16000,Aydaa Snack,Surakarta,70.0,4.9
"Seblak Rafael, Seblak Coet Instan Halal",25000,Brother Meat Shop,Depok,250.0,4.9
Gelifood Seblak Instan Kerupuk Mawar Bumbu Kencur Rafael Pedas Gurih,13000,Lidigeli,Kab. Garut,250.0,4.8
SAMBAL SEBLAK BY MAMANG RAFAEL ORIGINAL HALAL VIRAALLL,38000,Beauty DELUXE,Jakarta Barat,9.0,5.0
Kerupuk Seblak Rafael Mawar Kecil Mentah 500 Gr / Seblak Viral YONGKI,12000,insanprimastore,Tangerang Selatan,21.0,5.0
Seblak RAFAEL | Seblak MAMANG RAFAEL | Seblak Viral ORIGINAL TATANGGA,38500,Beauty DELUXE,Jakarta Barat,16.0,5.0
SEBLAK INSTANT TERMURAH,3999,Pusat Cuankie & Cemilan Frozen,Jakarta Timur,10000.0,4.8
Seblak Instan Pedas Home Made,3500,the Dhecip,Tangerang Selatan,2000.0,4.8
"Seblak Rafael, Seblak Coet Instan Halal",25000,Brother Meat Shop,Depok,250.0,4.9
Seblak instan yoi enak dan kenyang,7500,SeblakYoi,Bekasi,250.0,5.0
SEBLAK INSTAN MAMANG TERMURAH,4000,global cookware1,Jakarta Barat,100.0,4.9
Seblak Instan Pedas Home Made,3500,the Dhecip,Tangerang Selatan,2000.0,4.8
Gelifood Seblak Instan Kerupuk Mawar Bumbu Kencur Rafael Pedas Gurih,13000,Lidigeli,Kab. Garut,250.0,4.8
"seblak kering pedas 250 gr/seblak kencur/kerupuk seblak,enak dan gurih",9999,aghniya,Tangerang Selatan,500.0,4.8
"keripik beling/kaca 1/2 kg. bumbu seblak daun jeruk enak, gurih, pedas",25999,aghniya,Tangerang Selatan,250.0,4.9
Gelifood Combo 3pcs Seblak Instan Kerupuk Mawar Kencur Pedas Rafael,35000,Lidigeli,Kab. Garut,100.0,4.9
krupuk seblak pedas daun jeruk,10000,toko cemilan rafiqi,Jakarta Barat,100.0,5.0
Kerupuk seblak - cemilan murah kaleastores,13500,kaleastores,Kab. Banyuwangi,,
Kerupuk seblak Mawar / Seblak Rafael / Seblak viral 500 gr - 500 gram,34500,Bintang Snack & Camilan,Semarang,10.0,5.0
Krupuk seblak pedass,12000,R~snack,Jakarta Timur,,
Kerupuk Seblak Rempah Cikur,15000,Kerupuk Rempah,Bandung,,
KERUPUK JABLAY BANTET SEBLAK KENCUR MINI KILOAN 500GRAM,20500,Ayra jaya snack,Jakarta Utara,2.0,5.0
cuanki/cuankie lidah isi 150 khas Garut baso Aci/boci/seblak,47999,ArfaOnlineShop,Tangerang,21.0,5.0
Kylafood Seblak Karuhun Play,10530,kylafood,Bandung,250.0,4.9
seblak kuah instan 300,12000,tokoferafrozen,Tangerang,50.0,
Cuanki lidah 150 pcs khas garut toping baso aci & Seblak K'rasa BARAYA,45999,aghniya,Tangerang Selatan,40.0,5.0
SEBLAK INSTANT TERMURAH,3999,Pusat Cuankie & Cemilan Frozen,Jakarta Timur,10000.0,4.8
Seblak Instan Pedas Home Made,3500,the Dhecip,Tangerang Selatan,2000.0,4.8
"Seblak Rafael, Seblak Coet Instan Halal",25000,Brother Meat Shop,Depok,250.0,4.9
Seblak instan yoi enak dan kenyang,7500,SeblakYoi,Bekasi,250.0,5.0
SEBLAK INSTAN MAMANG TERMURAH,4000,global cookware1,Jakarta Barat,100.0,4.9
"seblak kering pedas 250 gr/seblak kencur/kerupuk seblak,enak dan gurih",9999,aghniya,Tangerang Selatan,500.0,4.8
KERUPUK SEBLAK PEDAS / KRUPUK SEBLAK KERING DAUN JERUK PEDES,25000,LEGIT SNACK,Jakarta Barat,40.0,5.0
"siomay kering bandung 500 gr. untuk baso aci, seblak ,mie ayam dll",14999,aghniya,Tangerang Selatan,750.0,4.9
Kerupuk Seblak / Seblak / Kering Pedas /,10000,Anggris store,Kab. Bogor,50.0,4.8
SEBRING KRUPUK KERUPUK SEBLAK KERING PEDAS DAUN JERUK 1KG CABE ASLI,16000,Aydaa Snack,Surakarta,70.0,4.9
"Seblak Rafael, Seblak Coet Instan Halal",25000,Brother Meat Shop,Depok,250.0,4.9
Gelifood Seblak Instan Kerupuk Mawar Bumbu Kencur Rafael Pedas Gurih,13000,Lidigeli,Kab. Garut,250.0,4.8
SAMBAL SEBLAK BY MAMANG RAFAEL ORIGINAL HALAL VIRAALLL,38000,Beauty DELUXE,Jakarta Barat,9.0,5.0
Kerupuk Seblak Rafael Mawar Kecil Mentah 500 Gr / Seblak Viral YONGKI,12000,insanprimastore,Tangerang Selatan,21.0,5.0
Seblak RAFAEL | Seblak MAMANG RAFAEL | Seblak Viral ORIGINAL TATANGGA,38500,Beauty DELUXE,Jakarta Barat,16.0,5.0
SEBLAK INSTANT TERMURAH,3999,Pusat Cuankie & Cemilan Frozen,Jakarta Timur,10000.0,4.8
Seblak Instan Pedas Home Made,3500,the Dhecip,Tangerang Selatan,2000.0,4.8
"Seblak Rafael, Seblak Coet Instan Halal",25000,Brother Meat Shop,Depok,250.0,4.9
Seblak instan yoi enak dan kenyang,7500,SeblakYoi,Bekasi,250.0,5.0
SEBLAK INSTAN MAMANG TERMURAH,4000,global cookware1,Jakarta Barat,100.0,4.9
Seblak Instan Pedas Home Made,3500,the Dhecip,Tangerang Selatan,2000.0,4.8
Gelifood Seblak Instan Kerupuk Mawar Bumbu Kencur Rafael Pedas Gurih,13000,Lidigeli,Kab. Garut,250.0,4.8
"seblak kering pedas 250 gr/seblak kencur/kerupuk seblak,enak dan gurih",9999,aghniya,Tangerang Selatan,500.0,4.8
"keripik beling/kaca 1/2 kg. bumbu seblak daun jeruk enak, gurih, pedas",25999,aghniya,Tangerang Selatan,250.0,4.9
Gelifood Combo 3pcs Seblak Instan Kerupuk Mawar Kencur Pedas Rafael,35000,Lidigeli,Kab. Garut,100.0,4.9
Cuanki lidah murah kiloan isi 150 toping seblak baso aci,32699,CuankiCulametan,Kab. Garut,100.0,5.0
kerupuk seblak gangkampung - 250gr,7000,cemilanindonesia22,Kab. Garut,,
cuanki siomay mini gurilem 1 ons toping seblak baso aci,3000,CuankiCulametan,Kab. Garut,60.0,4.9
250gr kerupuk mie bantat mentah,7246,chairunnisa_id,Tasikmalaya,,
cuanki lidah aci 10 pcs murah toping seblak baso aci,3500,CuankiCulametan,Kab. Garut,70.0,5.0
Kerupuk Seblak Berkualitas 250Gr,12000,IKAN LAUT SEGAR CAK ALFATH,Jakarta Selatan,6.0,5.0
Kyla Food Seblak Original,21500,fasyaa_id,Bandung,40.0,5.0
Kerupuk Seblak/Nasgor Mentah 250gr,10000,IKAN SEGAR CAK ADNAN,Jakarta Selatan,7.0,5.0
Seblak Koin,17500,Official Kartika Sari,Bandung,500.0,5.0
kerupuk seblak,10000,fey snack,Depok,100.0,4.9
SEBLAK INSTANT TERMURAH,3999,Pusat Cuankie & Cemilan Frozen,Jakarta Timur,10000.0,4.8
Seblak Instan Pedas Home Made,3500,the Dhecip,Tangerang Selatan,2000.0,4.8
"Seblak Rafael, Seblak Coet Instan Halal",25000,Brother Meat Shop,Depok,250.0,4.9
Seblak instan yoi enak dan kenyang,7500,SeblakYoi,Bekasi,250.0,5.0
SEBLAK INSTAN MAMANG TERMURAH,4000,global cookware1,Jakarta Barat,100.0,4.9
"seblak kering pedas 250 gr/seblak kencur/kerupuk seblak,enak dan gurih",9999,aghniya,Tangerang Selatan,500.0,4.8
KERUPUK SEBLAK PEDAS / KRUPUK SEBLAK KERING DAUN JERUK PEDES,25000,LEGIT SNACK,Jakarta Barat,40.0,5.0
"siomay kering bandung 500 gr. untuk baso aci, seblak ,mie ayam dll",14999,aghniya,Tangerang Selatan,750.0,4.9
Kerupuk Seblak / Seblak / Kering Pedas /,10000,Anggris store,Kab. Bogor,50.0,4.8
SEBRING KRUPUK KERUPUK SEBLAK KERING PEDAS DAUN JERUK 1KG CABE ASLI,16000,Aydaa Snack,Surakarta,70.0,4.9
"Seblak Rafael, Seblak Coet Instan Halal",25000,Brother Meat Shop,Depok,250.0,4.9
Gelifood Seblak Instan Kerupuk Mawar Bumbu Kencur Rafael Pedas Gurih,13000,Lidigeli,Kab. Garut,250.0,4.8
SAMBAL SEBLAK BY MAMANG RAFAEL ORIGINAL HALAL VIRAALLL,38000,Beauty DELUXE,Jakarta Barat,9.0,5.0
Kerupuk Seblak Rafael Mawar Kecil Mentah 500 Gr / Seblak Viral YONGKI,12000,insanprimastore,Tangerang Selatan,21.0,5.0
Seblak RAFAEL | Seblak MAMANG RAFAEL | Seblak Viral ORIGINAL TATANGGA,38500,Beauty DELUXE,Jakarta Barat,16.0,5.0
SEBLAK INSTANT TERMURAH,3999,Pusat Cuankie & Cemilan Frozen,Jakarta Timur,10000.0,4.8
Seblak Instan Pedas Home Made,3500,the Dhecip,Tangerang Selatan,2000.0,4.8
"Seblak Rafael, Seblak Coet Instan Halal",25000,Brother Meat Shop,Depok,250.0,4.9
Seblak instan yoi enak dan kenyang,7500,SeblakYoi,Bekasi,250.0,5.0
SEBLAK INSTAN MAMANG TERMURAH,4000,global cookware1,Jakarta Barat,100.0,4.9
Seblak Instan Pedas Home Made,3500,the Dhecip,Tangerang Selatan,2000.0,4.8
Gelifood Seblak Instan Kerupuk Mawar Bumbu Kencur Rafael Pedas Gurih,13000,Lidigeli,Kab. Garut,250.0,4.8
"seblak kering pedas 250 gr/seblak kencur/kerupuk seblak,enak dan gurih",9999,aghniya,Tangerang Selatan,500.0,4.8
"keripik beling/kaca 1/2 kg. bumbu seblak daun jeruk enak, gurih, pedas",25999,aghniya,Tangerang Selatan,250.0,4.9
Gelifood Combo 3pcs Seblak Instan Kerupuk Mawar Kencur Pedas Rafael,35000,Lidigeli,Kab. Garut,100.0,4.9
Gelifood Seblak Instan Kerupuk Mawar Bumbu Kencur Rafael Pedas Gurih,13000,Lidigeli,Kab. Garut,250.0,4.8
Kylafood Seblak Original Play,15050,kylafood,Bandung,1000.0,4.9
Seblak Instan Ceu Nthien Khas Bandung Rasana Ngeunah Pisan,17000,Central Seblak Nusantara,Tangerang Selatan,2000.0,4.9
Kylafood Seblak Rempah Autentik,10000,Kylafood Jakarta,Jakarta Selatan,100.0,5.0
KERUPUK KRUPUK SEBLAK PEDAS 250 GR,10000,TOKO KUE MEISYA,Jakarta Pusat,100.0,4.9
seblak basreng pedas original exstra daun jeruk 500gram,25000,Seblak putra bandung,Kab. Bandung,250.0,4.8
KERUPUK SNACK SEBLAK ADA 5 VARIAN LEVEL,12500,BoboShop805,Jakarta Utara,6.0,5.0
Seblak instan cuanki/Seblak instan murah/Seblak instan mie,4900,Komasnack,Kab. Mojokerto,10.0,5.0
Kerupuk Bawang Mentah Bintang Warna Warni 250gr/Kerupuk Seblak,6500,Sin Nana,Semarang,,
Seblak Instant Pedas Cadas Mantab,15000,Bianzi Food,Jakarta Selatan,50.0,5.0
SEBLAK INSTANT TERMURAH,3999,Pusat Cuankie & Cemilan Frozen,Jakarta Timur,10000.0,4.8
Seblak Instan Pedas Home Made,3500,the Dhecip,Tangerang Selatan,2000.0,4.8
"Seblak Rafael, Seblak Coet Instan Halal",25000,Brother Meat Shop,Depok,250.0,4.9
Seblak instan yoi enak dan kenyang,7500,SeblakYoi,Bekasi,250.0,5.0
SEBLAK INSTAN MAMANG TERMURAH,4000,global cookware1,Jakarta Barat,100.0,4.9
"seblak kering pedas 250 gr/seblak kencur/kerupuk seblak,enak dan gurih",9999,aghniya,Tangerang Selatan,500.0,4.8
KERUPUK SEBLAK PEDAS / KRUPUK SEBLAK KERING DAUN JERUK PEDES,25000,LEGIT SNACK,Jakarta Barat,40.0,5.0
"siomay kering bandung 500 gr. untuk baso aci, seblak ,mie ayam dll",14999,aghniya,Tangerang Selatan,750.0,4.9
Kerupuk Seblak / Seblak / Kering Pedas /,10000,Anggris store,Kab. Bogor,50.0,4.8
SEBRING KRUPUK KERUPUK SEBLAK KERING PEDAS DAUN JERUK 1KG CABE ASLI,16000,Aydaa Snack,Surakarta,70.0,4.9
"Seblak Rafael, Seblak Coet Instan Halal",25000,Brother Meat Shop,Depok,250.0,4.9
Gelifood Seblak Instan Kerupuk Mawar Bumbu Kencur Rafael Pedas Gurih,13000,Lidigeli,Kab. Garut,250.0,4.8
SAMBAL SEBLAK BY MAMANG RAFAEL ORIGINAL HALAL VIRAALLL,38000,Beauty DELUXE,Jakarta Barat,9.0,5.0
Kerupuk Seblak Rafael Mawar Kecil Mentah 500 Gr / Seblak Viral YONGKI,12000,insanprimastore,Tangerang Selatan,21.0,5.0
Seblak RAFAEL | Seblak MAMANG RAFAEL | Seblak Viral ORIGINAL TATANGGA,38500,Beauty DELUXE,Jakarta Barat,16.0,5.0
SEBLAK INSTANT TERMURAH,3999,Pusat Cuankie & Cemilan Frozen,Jakarta Timur,10000.0,4.8
Seblak Instan Pedas Home Made,3500,the Dhecip,Tangerang Selatan,2000.0,4.8
"Seblak Rafael, Seblak Coet Instan Halal",25000,Brother Meat Shop,Depok,250.0,4.9
Seblak instan yoi enak dan kenyang,7500,SeblakYoi,Bekasi,250.0,5.0
SEBLAK INSTAN MAMANG TERMURAH,4000,global cookware1,Jakarta Barat,100.0,4.9
Seblak Instan Pedas Home Made,3500,the Dhecip,Tangerang Selatan,2000.0,4.8
Gelifood Seblak Instan Kerupuk Mawar Bumbu Kencur Rafael Pedas Gurih,13000,Lidigeli,Kab. Garut,250.0,4.8
"seblak kering pedas 250 gr/seblak kencur/kerupuk seblak,enak dan gurih",9999,aghniya,Tangerang Selatan,500.0,4.8
"keripik beling/kaca 1/2 kg. bumbu seblak daun jeruk enak, gurih, pedas",25999,aghniya,Tangerang Selatan,250.0,4.9
Gelifood Combo 3pcs Seblak Instan Kerupuk Mawar Kencur Pedas Rafael,35000,Lidigeli,Kab. Garut,100.0,4.9
MASJAY Seblak Bumbu Membara Instant - No.1 Street Food Bandung,15000,Lidigeli,Kab. Garut,100.0,4.9
Seblak Instan Kenyang Murah Asli Bandung Reseller Tanpa Pengawet - Original,6173,Berkah Food Bandung,Cimahi,6000.0,4.9
Kerupuk Oren | Kerupuk Oranye |Kerupuk Seblak Mentah | 250 gr |,12000,SuryaJaya58,Jakarta Selatan,2.0,
kerupuk seblak pedas 1/2 kg / kerupuk seblak ½ - Pedas,20482,Adila_Putri_Snack,Kab.Ciamis,100.0,4.8
kerupuk ikan mentah putih seblak gurih renyah garing 1000gr - M,26500,Radja Herbal Indonesia,Kab. Bekasi,17.0,5.0
KRUPUK SEBLAK KENCUR 500 gram,28000,Vavivo Tart & Cake,Kab. Bogor,9.0,5.0
PANGSIT SEBLAK BUMBU BASAH,8500,RIKI STORE 97,Kab. Bogor,9.0,5.0
Kerupuk Seblak/Ikan/Sari Udang/Merah - MENTAH,25000,sembakocitra,Tangerang,23.0,5.0
Seblak basreng pedas original daun jeruk stik 100gr,5000,Seblak putra bandung,Kab. Bandung,4000.0,4.8
kerupuk seblak pedas 1/2 kg / kerupuk seblak ½,20482,Adila_Putri_Snack,Kab.Ciamis,100.0,4.8
SEBLAK INSTANT TERMURAH,3999,Pusat Cuankie & Cemilan Frozen,Jakarta Timur,10000.0,4.8
Seblak Instan Pedas Home Made,3500,the Dhecip,Tangerang Selatan,2000.0,4.8
"Seblak Rafael, Seblak Coet Instan Halal",25000,Brother Meat Shop,Depok,250.0,4.9
Seblak instan yoi enak dan kenyang,7500,SeblakYoi,Bekasi,250.0,5.0
SEBLAK INSTAN MAMANG TERMURAH,4000,global cookware1,Jakarta Barat,100.0,4.9
"seblak kering pedas 250 gr/seblak kencur/kerupuk seblak,enak dan gurih",9999,aghniya,Tangerang Selatan,500.0,4.8
KERUPUK SEBLAK PEDAS / KRUPUK SEBLAK KERING DAUN JERUK PEDES,25000,LEGIT SNACK,Jakarta Barat,40.0,5.0
"siomay kering bandung 500 gr. untuk baso aci, seblak ,mie ayam dll",14999,aghniya,Tangerang Selatan,750.0,4.9
Kerupuk Seblak / Seblak / Kering Pedas /,10000,Anggris store,Kab. Bogor,50.0,4.8
SEBRING KRUPUK KERUPUK SEBLAK KERING PEDAS DAUN JERUK 1KG CABE ASLI,16000,Aydaa Snack,Surakarta,70.0,4.9
"Seblak Rafael, Seblak Coet Instan Halal",25000,Brother Meat Shop,Depok,250.0,4.9
Gelifood Seblak Instan Kerupuk Mawar Bumbu Kencur Rafael Pedas Gurih,13000,Lidigeli,Kab. Garut,250.0,4.8
SAMBAL SEBLAK BY MAMANG RAFAEL ORIGINAL HALAL VIRAALLL,38000,Beauty DELUXE,Jakarta Barat,9.0,5.0
Kerupuk Seblak Rafael Mawar Kecil Mentah 500 Gr / Seblak Viral YONGKI,12000,insanprimastore,Tangerang Selatan,21.0,5.0
Seblak RAFAEL | Seblak MAMANG RAFAEL | Seblak Viral ORIGINAL TATANGGA,38500,Beauty DELUXE,Jakarta Barat,16.0,5.0
SEBLAK INSTANT TERMURAH,3999,Pusat Cuankie & Cemilan Frozen,Jakarta Timur,10000.0,4.8
Seblak Instan Pedas Home Made,3500,the Dhecip,Tangerang Selatan,2000.0,4.8
"Seblak Rafael, Seblak Coet Instan Halal",25000,Brother Meat Shop,Depok,250.0,4.9
Seblak instan yoi enak dan kenyang,7500,SeblakYoi,Bekasi,250.0,5.0
SEBLAK INSTAN MAMANG TERMURAH,4000,global cookware1,Jakarta Barat,100.0,4.9
Seblak Instan Pedas Home Made,3500,the Dhecip,Tangerang Selatan,2000.0,4.8
Gelifood Seblak Instan Kerupuk Mawar Bumbu Kencur Rafael Pedas Gurih,13000,Lidigeli,Kab. Garut,250.0,4.8
"seblak kering pedas 250 gr/seblak kencur/kerupuk seblak,enak dan gurih",9999,aghniya,Tangerang Selatan,500.0,4.8
"keripik beling/kaca 1/2 kg. bumbu seblak daun jeruk enak, gurih, pedas",25999,aghniya,Tangerang Selatan,250.0,4.9
Gelifood Combo 3pcs Seblak Instan Kerupuk Mawar Kencur Pedas Rafael,35000,Lidigeli,Kab. Garut,100.0,4.9
